# Documentation on how to use this file: https://docs.netlify.com/routing/redirects/redirect-options/

# Legacy redirect /files/ to new subdomain for s3 bucket at files.christcentralsf.com
/files/* https://files.christcentralsf.com/:splat 301!

# Churchcenter redirects
/connect https://christcentralsf.churchcenter.com/groups 301
/groups  https://christcentralsf.churchcenter.com/groups 301
/giving  https://christcentralsf.churchcenter.com/giving 301
/give    https://christcentralsf.churchcenter.com/giving 301
/prayer  https://christcentralsf.churchcenter.com/people/forms/32398 301

# Google Docs redirects
/expense https://docs.google.com/document/d/1IOO6dui-DnRv6NHhjPWMT-1ZgzCdlSjSx2xsGRMv7yg/edit?usp=sharing 301

# Social Media redirects
# /stream is a 302 instead of a 301 since we could switch from using Twitch
/stream  https://www.twitch.tv/christcentralsf 302
/podcast https://christcentralsf.simplecast.com 301

# Redirect default Netlify subdomain to primary domain
https://christcentralsf-com.netlify.com/* https://www.christcentralsf.com/:splat 301!

# CG & fellowship
/cg https://christcentralsf.churchcenter.com/groups/christ-central-community-groups 302
/fellowship https://christcentralsf.churchcenter.com/groups/christ-central-fellowship-groups 302

# Upcoming Events
/support https://christcentralsf.churchcenter.com/groups/christ-central-serving/help-one-child 302

# RSVP redirects
/rsvp https://christcentralsf.churchcenter.com/registrations 302
# /rsvp/educate https://christcentralsf.churchcenter.com/registrations/events/276250 301

# Scholarship committee redirects
/scholarship https://docs.google.com/forms/d/e/1FAIpQLScYmZ_DbGEzurnqIA7d54snijbnDTLWpWTyEX46tMPGlMgUkQ/viewform 302
